feature,coefficient,absolute_coefficient
ca_0.0,-1.4986407773214059,1.4986407773214059
cp_4.0,1.0305606138559515,1.0305606138559515
thal_7.0,0.8184907134213333,0.8184907134213333
sex_0.0,-0.7008358908898632,0.7008358908898632
sex_1.0,0.6903530973767299,0.6903530973767299
ca_2.0,0.6421710867059262,0.6421710867059262
cp_1.0,-0.6191759931521379,0.6191759931521379
slope_2.0,0.6034274153710204,0.6034274153710204
cp_3.0,-0.5747658356904041,0.5747658356904041
thal_3.0,-0.5402428950842761,0.5402428950842761
ca_3.0,0.49423265132637856,0.49423265132637856
slope_1.0,-0.440639399444801,0.440639399444801
thalach,-0.3724738712065976,0.3724738712065976
ca_1.0,0.35175424577596837,0.35175424577596837
trestbps,0.34055918357620574,0.34055918357620574
thal_6.0,-0.28873061185018994,0.28873061185018994
exang_0.0,-0.2701147921651374,0.2701147921651374
exang_1.0,0.25963199865200437,0.25963199865200437
oldpeak,0.25952539845837,0.25952539845837
restecg_2.0,0.21302229509276516,0.21302229509276516
chol,0.17891988640731946,0.17891988640731946
slope_3.0,-0.17327080943935205,0.17327080943935205
restecg_0.0,-0.1557750026440791,0.1557750026440791
cp_2.0,0.15289842147345725,0.15289842147345725
fbs_1.0,-0.10334222660527122,0.10334222660527122
fbs_0.0,0.09285943309213833,0.09285943309213833
restecg_1.0,-0.06773008596181886,0.06773008596181886
age,-0.06093617935364195,0.06093617935364195
